{"train_loss": 0.43448305130004883, "val_acc": 0.2500000298023224, "val_loss": 0.7713804841041565}